Entity,Label
Pison,PERSON
thou  eatest,PERSON
Adam,PERSON
Adam,PERSON
Adam,PERSON
Adam,PERSON
Adam  ,PERSON
Adam,PERSON
Adam,PERSON
Adam  and,PERSON
Adam,PERSON
Adam,PERSON
Eve,PERSON
Adam,PERSON
Eve,PERSON
Cain,PERSON
Abel,PERSON
Abel,PERSON
Cain,PERSON
Cain,PERSON
Abel,PERSON
Abel,PERSON
Cain,PERSON
Cain,PERSON
Cain,PERSON
Cain,PERSON
Abel,PERSON
Cain,PERSON
Abel,PERSON
Cain  Where,PERSON
Abel,PERSON
thou  tillest,PERSON
Cain,PERSON
slayeth Cain,PERSON
Cain,PERSON
Cain,PERSON
Cain,PERSON
Enoch,PERSON
Enoch,PERSON
Enoch,PERSON
Mehujael,PERSON
Lamech,PERSON
Lamech,PERSON
Adah,PERSON
Zillah,PERSON
Jabal,PERSON
Jubal  he,PERSON
Zillah,PERSON
Tubalcain,PERSON
Tubalcain,PERSON
Naamah,PERSON
Lamech,PERSON
Zillah,PERSON
Lamech,PERSON
Cain,PERSON
Lamech,PERSON
Adam,PERSON
Seth  ,PERSON
Abel,PERSON
Cain,PERSON
Seth  to,PERSON
Enos,PERSON
Adam  In,PERSON
Adam  ,PERSON
Adam,PERSON
Seth  5 4,PERSON
Adam,PERSON
Seth,PERSON
Adam,PERSON
Seth,PERSON
Enos,PERSON
Seth,PERSON
Enos,PERSON
Seth,PERSON
Enos,PERSON
Enos,PERSON
Enos,PERSON
And  Cainan,PERSON
Jared  5,PERSON
Jared,PERSON
Jared,PERSON
Jared,PERSON
Enoch,PERSON
Enoch,PERSON
Enoch,PERSON
Enoch,PERSON
Lamech,PERSON
Lamech,PERSON
Lamech,PERSON
Noah,PERSON
Lamech,PERSON
Noah,PERSON
Lamech,PERSON
Noah,PERSON
Noah,PERSON
Shem  Ham,PERSON
Japheth,PERSON
Noah,PERSON
Noah,PERSON
Noah,PERSON
Noah,PERSON
Noah,PERSON
Shem  Ham,PERSON
Japheth,PERSON
Noah,PERSON
Noah,PERSON
Noah  Come,PERSON
Noah,PERSON
Noah,PERSON
Noah,PERSON
Noah,PERSON
Noah,PERSON
Noah,PERSON
Noah,PERSON
Shem  ,PERSON
Japheth,PERSON
Noah,PERSON
Noah,PERSON
Noah,PERSON
Noah,PERSON
Noah,PERSON
Noah,PERSON
Noah,PERSON
Noah,PERSON
Noah,PERSON
Noah,PERSON
Noah,PERSON
Noah,PERSON
Noah,PERSON
Noah,PERSON
Noah,PERSON
Shem,PERSON
Japheth  ,PERSON
Noah,PERSON
Noah,PERSON
Shem,PERSON
Japheth,PERSON
Noah,PERSON
Shem,PERSON
Japheth,PERSON
Shem,PERSON
Noah,PERSON
Noah,PERSON
Noah,PERSON
Shem  Ham,PERSON
Japheth,PERSON
Japheth  Gomer,PERSON
Meshech,PERSON
Gomer,PERSON
Tarshish  Kittim,PERSON
Ham  Cush,PERSON
Mizraim,PERSON
Cush,PERSON
Sabtechah  ,PERSON
Cush,PERSON
Accad,PERSON
Mizraim,PERSON
Ludim,PERSON
Philistim,PERSON
Heth  ,PERSON
Girgasite,PERSON
Zemarite,PERSON
Hamathite,PERSON
Gerar  unto,PERSON
thou goest  unto,PERSON
Lasha,PERSON
Unto Shem,PERSON
Eber,PERSON
Japheth,PERSON
Shem  Elam,PERSON
Aram,PERSON
Aram  Uz  and,PERSON
Salah  ,PERSON
Salah begat Eber,PERSON
Eber,PERSON
Peleg,PERSON
Sheleph,PERSON
Obal  and,PERSON
Abimael,PERSON
Sheba,PERSON
Mesha,PERSON
thou goest,PERSON
Sephar,PERSON
Shem,PERSON
Noah,PERSON
Shem  Shem,PERSON
Shem  ,PERSON
Salah  11,PERSON
Salah,PERSON
Eber,PERSON
Salah  ,PERSON
Eber,PERSON
Eber,PERSON
Peleg,PERSON
Eber,PERSON
Peleg,PERSON
Peleg,PERSON
Peleg,PERSON
Nahor,PERSON
Nahor,PERSON
Abram  Nahor,PERSON
Nahor,PERSON
Haran,PERSON
Terah,PERSON
Abram,PERSON
Nahor,PERSON
Abram,PERSON
Sarai,PERSON
Nahor,PERSON
Milcah,PERSON
Haran,PERSON
Milcah,PERSON
Sarai,PERSON
Terah,PERSON
Abram,PERSON
Haran,PERSON
Sarai,PERSON
Abram,PERSON
Abram  Get,PERSON
Abram,PERSON
Lot,PERSON
Abram,PERSON
Abram,PERSON
Sarai,PERSON
Abram,PERSON
Abram,PERSON
Hai,PERSON
Abram,PERSON
Abram,PERSON
Sarai,PERSON
Abram,PERSON
Pharaoh,PERSON
Pharaoh,PERSON
Pharaoh,PERSON
Abram,PERSON
menservants,PERSON
Pharaoh,PERSON
Sarai Abram s,PERSON
Pharaoh,PERSON
Abram,PERSON
Pharaoh,PERSON
Abram,PERSON
Lot,PERSON
Abram,PERSON
Abram,PERSON
Abram,PERSON
Abram,PERSON
Abram,PERSON
Gomorrah,PERSON
Lot,PERSON
Sodom,PERSON
Abram,PERSON
Lot,PERSON
Abram,PERSON
Amraphel,PERSON
Elam,PERSON
Bera,PERSON
Gomorrah  ,PERSON
Shinab,PERSON
Zeboiim,PERSON
Bela,PERSON
Chedorlaomer,PERSON
Chedorlaomer,PERSON
Rephaims,PERSON
Ashteroth Karnaim,PERSON
Shaveh Kiriathaim,PERSON
Enmishpat,PERSON
Zeboiim,PERSON
Bela,PERSON
Chedorlaomer,PERSON
Elam,PERSON
Amraphel,PERSON
Gomorrah,PERSON
Lot  Abram s,PERSON
Abram,PERSON
Eshcol,PERSON
Aner,PERSON
Abram,PERSON
Abram,PERSON
Dan,PERSON
Hobah,PERSON
Sodom,PERSON
Chedorlaomer,PERSON
s dale,PERSON
Melchizedek king,PERSON
Abram,PERSON
Sodom,PERSON
Abram  Give,PERSON
Abram,PERSON
Sodom,PERSON
shoelatchet,PERSON
Abram,PERSON
Aner  Eshcol,PERSON
Abram,PERSON
Abram,PERSON
Abram,PERSON
Abram,PERSON
Abram,PERSON
Abram,PERSON
Abram  Know,PERSON
Abram,PERSON
Rephaims,PERSON
Sarai Abram,PERSON
Hagar,PERSON
Sarai,PERSON
Abram  ,PERSON
Abram,PERSON
Sarai,PERSON
Sarai Abram s,PERSON
Hagar,PERSON
Abram,PERSON
Abram,PERSON
Hagar,PERSON
Sarai,PERSON
Abram,PERSON
Abram,PERSON
Sarai  Behold,PERSON
Sarai,PERSON
Sarai,PERSON
Ishmael,PERSON
Beerlahairoi,PERSON
Hagar,PERSON
Abram,PERSON
Abram,PERSON
Hagar,PERSON
Ishmael,PERSON
Abram,PERSON
Hagar,PERSON
Ishmael,PERSON
Abram,PERSON
Abram,PERSON
Abram,PERSON
Abram,PERSON
Abram,PERSON
Abraham,PERSON
Abraham  Thou,PERSON
Abraham,PERSON
Sarai,PERSON
Sarai,PERSON
Sarah,PERSON
Abraham,PERSON
Sarah,PERSON
Abraham,PERSON
Ishmael,PERSON
Sarah,PERSON
Isaac,PERSON
Ishmael,PERSON
Isaac  ,PERSON
Sarah,PERSON
Abraham,PERSON
Abraham,PERSON
Ishmael,PERSON
Abraham,PERSON
Abraham,PERSON
Ishmael,PERSON
Abraham,PERSON
Ishmael,PERSON
Abraham,PERSON
Sarah,PERSON
Abraham,PERSON
Sarah,PERSON
lo  Sarah,PERSON
Sarah,PERSON
Abraham,PERSON
Sarah,PERSON
Sarah,PERSON
Sarah,PERSON
Abraham,PERSON
Sarah,PERSON
Sarah,PERSON
Sarah,PERSON
Nay,PERSON
Abraham,PERSON
Abraham,PERSON
Abraham,PERSON
Abraham,PERSON
Gomorrah,PERSON
Abraham,PERSON
Abraham,PERSON
Wilt thou,PERSON
Abraham,PERSON
Peradventure,PERSON
Peradventure,PERSON
Peradventure,PERSON
Abraham,PERSON
Abraham,PERSON
Lot,PERSON
Nay,PERSON
Lot  Hast,PERSON
Arise,PERSON
Abraham gat,PERSON
Abraham,PERSON
Benammi,PERSON
Abraham,PERSON
Abraham,PERSON
Sarah,PERSON
Abimelech,PERSON
Gerar,PERSON
Sarah,PERSON
Abimelech,PERSON
Abimelech,PERSON
Abimelech,PERSON
Abimelech,PERSON
Abraham,PERSON
Abimelech,PERSON
Abraham,PERSON
Abraham,PERSON
Abimelech,PERSON
menservants,PERSON
Abraham,PERSON
Sarah,PERSON
Abimelech,PERSON
Sarah,PERSON
Abraham,PERSON
Abimelech,PERSON
Sarah Abraham s,PERSON
Sarah,PERSON
Sarah,PERSON
Sarah,PERSON
Abraham,PERSON
Abraham,PERSON
Sarah,PERSON
Isaac,PERSON
Abraham,PERSON
Isaac,PERSON
Abraham,PERSON
Isaac,PERSON
Sarah,PERSON
Abraham,PERSON
Sarah,PERSON
Abraham,PERSON
Isaac,PERSON
Sarah,PERSON
Hagar,PERSON
Abraham,PERSON
Abraham  Cast,PERSON
Isaac,PERSON
Abraham,PERSON
Abraham,PERSON
bondwoman,PERSON
Sarah  hath,PERSON
Isaac,PERSON
bondwoman,PERSON
Abraham,PERSON
Hagar,PERSON
God,PERSON
Hagar,PERSON
Hagar,PERSON
Abimelech,PERSON
Abraham,PERSON
Abraham,PERSON
Abraham,PERSON
Abimelech,PERSON
Abimelech,PERSON
Abraham,PERSON
Abimelech,PERSON
Abraham,PERSON
Abimelech,PERSON
Abraham,PERSON
Beersheba,PERSON
Abimelech,PERSON
Abraham,PERSON
Abraham,PERSON
Abraham,PERSON
Abraham,PERSON
Isaac  ,PERSON
Abraham,PERSON
Isaac,PERSON
Abraham,PERSON
Abraham,PERSON
Abraham,PERSON
Isaac,PERSON
Isaac spake,PERSON
Abraham,PERSON
Abraham,PERSON
Abraham  ,PERSON
Isaac,PERSON
Abraham,PERSON
Abraham  Abraham,PERSON
Abraham,PERSON
Abraham,PERSON
Abraham,PERSON
Jehovahjireh,PERSON
Abraham,PERSON
Abraham,PERSON
Abraham,PERSON
Abraham,PERSON
Behold  Milcah,PERSON
Nahor,PERSON
Buz,PERSON
Kemuel,PERSON
Aram,PERSON
Jidlaph,PERSON
Bethuel,PERSON
Bethuel begat Rebekah,PERSON
Milcah,PERSON
Nahor   Abraham,PERSON
Reumah,PERSON
Gaham,PERSON
Thahash,PERSON
Sarah,PERSON
Sarah,PERSON
Sarah,PERSON
Abraham,PERSON
Sarah,PERSON
Abraham,PERSON
Heth,PERSON
Heth,PERSON
Abraham,PERSON
thou mayest,PERSON
Abraham,PERSON
Heth,PERSON
Ephron,PERSON
Zohar,PERSON
Heth,PERSON
Abraham,PERSON
Heth,PERSON
Abraham,PERSON
Ephron,PERSON
Ephron,PERSON
Abraham,PERSON
Abraham,PERSON
Abraham,PERSON
Unto Abraham,PERSON
Heth,PERSON
Abraham,PERSON
Sarah,PERSON
Abraham,PERSON
Heth,PERSON
Abraham,PERSON
Abraham,PERSON
Abraham,PERSON
Isaac,PERSON
thou camest  ,PERSON
Abraham,PERSON
Abraham,PERSON
Abraham,PERSON
Abraham,PERSON
Isaac,PERSON
Rebekah,PERSON
Bethuel  son,PERSON
Milcah,PERSON
Nahor  Abraham,PERSON
Bethuel,PERSON
Milcah,PERSON
Nahor,PERSON
Abraham,PERSON
Rebekah,PERSON
Laban,PERSON
Laban,PERSON
Rebekah,PERSON
Abraham,PERSON
menservants,PERSON
Sarah,PERSON
Abraham,PERSON
Rebekah,PERSON
Bethuel  Nahor s,PERSON
Milcah,PERSON
Abraham,PERSON
Bethuel,PERSON
Behold  ,PERSON
Rebekah,PERSON
Abraham,PERSON
Rebekah,PERSON
Rebekah,PERSON
Rebekah,PERSON
Abraham,PERSON
Rebekah,PERSON
Rebekah,PERSON
Rebekah,PERSON
Isaac,PERSON
Isaac,PERSON
Rebekah,PERSON
Isaac,PERSON
Isaac,PERSON
Isaac,PERSON
Sarah,PERSON
Rebekah,PERSON
Isaac,PERSON
Abraham,PERSON
Keturah,PERSON
Keturah,PERSON
Abraham,PERSON
Isaac,PERSON
Abraham,PERSON
Abraham,PERSON
Isaac,PERSON
Abraham,PERSON
Abraham,PERSON
Isaac,PERSON
Ishmael,PERSON
Zohar,PERSON
Abraham,PERSON
Heth,PERSON
Abraham,PERSON
Sarah,PERSON
Abraham,PERSON
Isaac  ,PERSON
Isaac,PERSON
Ishmael  Abraham s,PERSON
Hagar,PERSON
Sarah,PERSON
Abraham  ,PERSON
Ishmael,PERSON
Ishmael  Nebajoth  ,PERSON
Mibsam,PERSON
Dumah,PERSON
Ishmael,PERSON
Ishmael  an hundred,PERSON
Shur,PERSON
Isaac  Abraham s,PERSON
Abraham  begat,PERSON
Isaac  25 20,PERSON
Isaac,PERSON
Rebekah,PERSON
Bethuel,PERSON
Laban,PERSON
Isaac,PERSON
Rebekah,PERSON
Esau,PERSON
Jacob  and,PERSON
Isaac,PERSON
Esau,PERSON
Jacob,PERSON
Isaac,PERSON
Rebekah,PERSON
Jacob,PERSON
Jacob,PERSON
Esau,PERSON
Esau,PERSON
Jacob  Feed,PERSON
Jacob,PERSON
Esau,PERSON
Jacob,PERSON
Jacob,PERSON
Jacob,PERSON
Esau,PERSON
Abraham,PERSON
Isaac,PERSON
Abimelech,PERSON
Abraham,PERSON
Abraham,PERSON
Isaac,PERSON
Rebekah,PERSON
Abimelech,PERSON
Isaac,PERSON
Rebekah,PERSON
Abimelech,PERSON
Isaac,PERSON
Isaac,PERSON
Lest,PERSON
Abimelech,PERSON
Abimelech,PERSON
Isaac,PERSON
Abraham,PERSON
Abimelech,PERSON
Isaac  Go,PERSON
Isaac,PERSON
Isaac,PERSON
Abraham,PERSON
Abraham,PERSON
Isaac,PERSON
Gerar,PERSON
Isaac,PERSON
Abraham,PERSON
Abraham,PERSON
Isaac,PERSON
Abimelech,PERSON
Gerar,PERSON
Isaac,PERSON
Isaac,PERSON
Isaac,PERSON
Esau,PERSON
Judith the  daughter,PERSON
Beeri,PERSON
Elon,PERSON
Isaac,PERSON
Rebekah,PERSON
Isaac,PERSON
Esau,PERSON
Rebekah,PERSON
Isaac spake,PERSON
Esau,PERSON
venison,PERSON
Rebekah spake,PERSON
Jacob,PERSON
Jacob,PERSON
Rebekah,PERSON
Rebekah,PERSON
Esau,PERSON
Jacob,PERSON
Jacob,PERSON
Jacob,PERSON
thou badest  ,PERSON
Isaac,PERSON
Isaac,PERSON
Jacob  Come,PERSON
Esau,PERSON
Jacob,PERSON
Isaac,PERSON
Jacob,PERSON
Esau,PERSON
Esau,PERSON
s  venison,PERSON
Isaac,PERSON
Isaac,PERSON
Jacob  and,PERSON
Jacob,PERSON
Isaac,PERSON
s venison,PERSON
Isaac,PERSON
Isaac,PERSON
venison,PERSON
thou camest,PERSON
Jacob  ,PERSON
Isaac,PERSON
Esau,PERSON
Esau,PERSON
Isaac,PERSON
Jacob,PERSON
Esau,PERSON
Jacob,PERSON
Rebekah,PERSON
Jacob,PERSON
Esau,PERSON
Laban,PERSON
Haran  ,PERSON
Rebekah,PERSON
Isaac  I,PERSON
Heth,PERSON
Jacob,PERSON
Heth,PERSON
Isaac,PERSON
Jacob  and,PERSON
Bethuel,PERSON
Laban,PERSON
thou mayest,PERSON
Abraham,PERSON
Abraham,PERSON
Isaac,PERSON
Jacob  and,PERSON
Bethuel,PERSON
Rebekah  Jacob s,PERSON
Esau,PERSON
Esau,PERSON
Isaac,PERSON
Jacob  and,PERSON
Jacob,PERSON
Isaac,PERSON
Ishmael  and,PERSON
Ishmael Abraham s,PERSON
Nebajoth,PERSON
Jacob,PERSON
Abraham,PERSON
Isaac,PERSON
thou goest  and,PERSON
Jacob,PERSON
Jacob,PERSON
Jacob,PERSON
Jacob,PERSON
Jacob,PERSON
Haran,PERSON
Nahor,PERSON
Rachel,PERSON
Lo,PERSON
Rachel,PERSON
Jacob,PERSON
Rachel,PERSON
Laban,PERSON
Laban,PERSON
Jacob,PERSON
Laban,PERSON
Jacob,PERSON
Rachel  and,PERSON
Jacob,PERSON
Rachel,PERSON
Rebekah,PERSON
Laban,PERSON
Jacob,PERSON
Laban,PERSON
Laban,PERSON
Laban,PERSON
Jacob  ,PERSON
Laban,PERSON
Leah,PERSON
Rachel,PERSON
Leah,PERSON
Rachel,PERSON
Jacob,PERSON
Rachel  and,PERSON
Rachel,PERSON
Laban,PERSON
Jacob,PERSON
Rachel  and,PERSON
Jacob,PERSON
Laban  Give,PERSON
Laban,PERSON
Leah,PERSON
Laban,PERSON
Leah Zilpah,PERSON
Leah,PERSON
Laban,PERSON
Rachel,PERSON
Laban,PERSON
Jacob,PERSON
Rachel  his,PERSON
Laban,PERSON
Rachel,PERSON
Bilhah,PERSON
Rachel  ,PERSON
Rachel,PERSON
Leah,PERSON
Leah,PERSON
Rachel,PERSON
Leah,PERSON
Reuben  ,PERSON
Simeon,PERSON
Levi,PERSON
Judah,PERSON
Rachel,PERSON
Jacob,PERSON
Rachel  ,PERSON
Jacob  Give,PERSON
Jacob,PERSON
Rachel  ,PERSON
Bilhah,PERSON
Jacob,PERSON
Bilhah,PERSON
Jacob,PERSON
Rachel,PERSON
Dan,PERSON
Bilhah Rachel s,PERSON
Jacob,PERSON
Rachel,PERSON
Naphtali,PERSON
Leah,PERSON
Zilpah,PERSON
Jacob,PERSON
Zilpah Leah,PERSON
Jacob,PERSON
Leah,PERSON
Gad,PERSON
Zilpah Leah,PERSON
Jacob,PERSON
Leah,PERSON
Asher,PERSON
Reuben,PERSON
Leah,PERSON
Rachel,PERSON
Leah  Give,PERSON
Rachel,PERSON
Jacob,PERSON
Leah,PERSON
Leah,PERSON
Jacob  ,PERSON
Leah,PERSON
Issachar,PERSON
Leah,PERSON
Jacob,PERSON
Leah,PERSON
Zebulun,PERSON
Dinah,PERSON
Rachel  and,PERSON
Joseph  ,PERSON
Rachel,PERSON
Joseph  ,PERSON
Jacob  ,PERSON
Laban  Send,PERSON
Laban,PERSON
Jacob,PERSON
Laban,PERSON
Jacob  and,PERSON
Jacob fed,PERSON
Laban,PERSON
Jacob,PERSON
Jacob,PERSON
Laban,PERSON
Laban,PERSON
Jacob,PERSON
Laban,PERSON
Jacob s,PERSON
menservants,PERSON
Laban,PERSON
Jacob hath,PERSON
Jacob,PERSON
Laban,PERSON
Jacob  Return,PERSON
Jacob,PERSON
Rachel,PERSON
Leah,PERSON
Jacob,PERSON
Laban,PERSON
Rachel,PERSON
Leah,PERSON
Jacob,PERSON
Isaac,PERSON
Laban,PERSON
Rachel,PERSON
Jacob,PERSON
Laban,PERSON
Laban,PERSON
Jacob,PERSON
Jacob,PERSON
Then Laban,PERSON
Jacob  Now,PERSON
Jacob,PERSON
Laban,PERSON
Laban,PERSON
Jacob  What,PERSON
Jacob,PERSON
Jacob,PERSON
Laban,PERSON
Jacob,PERSON
Rachel,PERSON
Laban,PERSON
Jacob,PERSON
Leah,PERSON
Leah,PERSON
Rachel,PERSON
Rachel,PERSON
Laban,PERSON
Jacob,PERSON
Jacob,PERSON
Laban,PERSON
Abraham,PERSON
Isaac,PERSON
Laban,PERSON
Jacob  These,PERSON
Jacob,PERSON
Jacob,PERSON
Laban,PERSON
Jegarsahadutha,PERSON
Jacob,PERSON
Laban,PERSON
Mizpah,PERSON
Laban,PERSON
Jacob  ,PERSON
Abraham,PERSON
Nahor,PERSON
Jacob,PERSON
Isaac,PERSON
Jacob,PERSON
Laban,PERSON
Laban,PERSON
Jacob,PERSON
Jacob,PERSON
Mahanaim,PERSON
Jacob,PERSON
Jacob saith,PERSON
Laban,PERSON
menservants,PERSON
Jacob,PERSON
Esau,PERSON
Jacob,PERSON
Jacob,PERSON
Abraham,PERSON
Isaac,PERSON
thou saidst  I,PERSON
Jacob s,PERSON
Jacob,PERSON
Jabbok,PERSON
Jacob,PERSON
Jacob s,PERSON
thou,PERSON
Jacob,PERSON
Jacob,PERSON
Jacob,PERSON
Penuel,PERSON
Jacob s,PERSON
Jacob,PERSON
Leah,PERSON
Rachel  and,PERSON
Leah,PERSON
Rachel,PERSON
Joseph hindermost,PERSON
Esau,PERSON
Leah,PERSON
Joseph,PERSON
Rachel  ,PERSON
Esau,PERSON
Jacob,PERSON
Nay,PERSON
Esau,PERSON
Jacob,PERSON
Succoth  and,PERSON
Succoth,PERSON
Jacob,PERSON
Hamor,PERSON
Leah,PERSON
Jacob  ,PERSON
Hamor,PERSON
Jacob,PERSON
Hamor,PERSON
Jacob,PERSON
Jacob,PERSON
Hamor,PERSON
Jacob,PERSON
Jacob,PERSON
Jacob s,PERSON
Hamor,PERSON
Shechem,PERSON
Shechem,PERSON
Jacob,PERSON
Hamor,PERSON
Hamor,PERSON
Shechem Hamor,PERSON
Jacob,PERSON
Hamor,PERSON
Hamor,PERSON
Jacob  Simeon,PERSON
Levi  Dinah s,PERSON
Hamor,PERSON
Jacob,PERSON
Jacob,PERSON
Simeon,PERSON
Levi,PERSON
Jacob  Arise,PERSON
thou  fleddest,PERSON
Jacob,PERSON
Jacob,PERSON
Jacob,PERSON
Jacob,PERSON
Jacob,PERSON
Deborah Rebekah s,PERSON
Jacob,PERSON
Jacob  thy,PERSON
Jacob  ,PERSON
Abraham,PERSON
Isaac,PERSON
Jacob,PERSON
Jacob,PERSON
Rachel,PERSON
Benoni,PERSON
Rachel,PERSON
Jacob,PERSON
Rachel s,PERSON
Reuben  ,PERSON
Bilhah,PERSON
Jacob,PERSON
Leah  Reuben   Jacob s,PERSON
Simeon,PERSON
Levi,PERSON
Rachel  Joseph,PERSON
Benjamin  ,PERSON
Bilhah,PERSON
Rachel,PERSON
Dan,PERSON
Naphtali,PERSON
Zilpah,PERSON
Leah,PERSON
Gad,PERSON
Asher,PERSON
Jacob,PERSON
Jacob,PERSON
Isaac,PERSON
Abraham,PERSON
Isaac,PERSON
Isaac,PERSON
Isaac,PERSON
Esau,PERSON
Jacob,PERSON
Nebajoth,PERSON
Esau Eliphaz,PERSON
Reuel,PERSON
Jeush,PERSON
Korah,PERSON
Esau,PERSON
Jacob,PERSON
Seir  Esau,PERSON
Esau,PERSON
Adah,PERSON
Esau  Reuel,PERSON
Eliphaz,PERSON
Teman,PERSON
Omar  Zepho,PERSON
Gatam,PERSON
Timna,PERSON
Eliphaz Esau s,PERSON
Eliphaz Amalek,PERSON
Adah Esau s,PERSON
Zerah  Shammah,PERSON
Mizzah,PERSON
Zibeon  Esau s,PERSON
Esau Jeush,PERSON
Korah,PERSON
Eliphaz,PERSON
Teman,PERSON
Omar  duke,PERSON
Zepho  duke,PERSON
Kenaz,PERSON
Korah  ,PERSON
Gatam,PERSON
Amalek,PERSON
Eliphaz,PERSON
Adah,PERSON
Reuel Esau s,PERSON
Nahath  duke,PERSON
Zerah,PERSON
Shammah,PERSON
Mizzah,PERSON
Reuel,PERSON
Jeush,PERSON
Jaalam,PERSON
Korah,PERSON
Zibeon  ,PERSON
Dishon,PERSON
Hori,PERSON
Timna,PERSON
Ebal  Shepho,PERSON
Zibeon,PERSON
Dishon,PERSON
Dishon,PERSON
Eshban,PERSON
Zaavan  ,PERSON
Lotan  duke  Shobal,PERSON
Zibeon  duke,PERSON
Dishon,PERSON
Ezer  duke,PERSON
Beor,PERSON
Bela,PERSON
Jobab,PERSON
Zerah,PERSON
Temani,PERSON
Hadad,PERSON
Bedad,PERSON
Avith,PERSON
Hadad,PERSON
Saul of Rehoboth,PERSON
Saul,PERSON
Achbor,PERSON
Baalhanan the son of Achbor,PERSON
Pau  ,PERSON
Mehetabel,PERSON
Alvah,PERSON
Jetheth  ,PERSON
Aholibamah  duke,PERSON
Elah,PERSON
Pinon,PERSON
Kenaz,PERSON
Teman,PERSON
Mibzar  ,PERSON
Iram  ,PERSON
Jacob dwelt,PERSON
Jacob  Joseph,PERSON
Bilhah,PERSON
Zilpah,PERSON
Joseph,PERSON
Joseph,PERSON
Joseph,PERSON
Joseph  Do,PERSON
Joseph,PERSON
Reuben,PERSON
Reuben,PERSON
Joseph,PERSON
stript Joseph,PERSON
Judah,PERSON
Joseph,PERSON
Joseph,PERSON
Joseph,PERSON
Reuben,PERSON
Joseph,PERSON
Joseph s,PERSON
Joseph,PERSON
Jacob,PERSON
Pharaoh,PERSON
Judah,PERSON
Hirah,PERSON
Judah,PERSON
Chezib,PERSON
Judah,PERSON
Tamar,PERSON
Judah,PERSON
s house,PERSON
Lest,PERSON
Tamar,PERSON
Shuah Judah s,PERSON
Hirah the Adullamite,PERSON
Tamar,PERSON
Judah,PERSON
thou mayest,PERSON
Judah,PERSON
Adullamite,PERSON
Judah,PERSON
Judah,PERSON
Tamar,PERSON
Judah,PERSON
Judah,PERSON
Pharez,PERSON
Zarah,PERSON
Joseph,PERSON
Potiphar,PERSON
Pharaoh,PERSON
Joseph  and,PERSON
Joseph,PERSON
Joseph,PERSON
Joseph,PERSON
Joseph,PERSON
Joseph  ,PERSON
Joseph,PERSON
Joseph,PERSON
Joseph,PERSON
Joseph  and,PERSON
Joseph,PERSON
Pharaoh,PERSON
Joseph,PERSON
Joseph,PERSON
Joseph,PERSON
Pharaoh,PERSON
Joseph,PERSON
Joseph  and,PERSON
Pharaoh,PERSON
Pharaoh,PERSON
Pharaoh,PERSON
Joseph,PERSON
Pharaoh,PERSON
Pharaoh,PERSON
shew  kindness,PERSON
Pharaoh,PERSON
Joseph  I,PERSON
bakemeats,PERSON
Pharaoh,PERSON
Joseph,PERSON
Pharaoh,PERSON
Pharaoh,PERSON
Pharaoh,PERSON
baker  ,PERSON
Joseph,PERSON
Joseph  ,PERSON
Pharaoh,PERSON
leanfleshed kine,PERSON
Pharaoh,PERSON
Pharaoh,PERSON
Pharaoh,PERSON
Pharaoh,PERSON
Pharaoh,PERSON
Pharaoh,PERSON
Pharaoh,PERSON
Joseph  ,PERSON
Pharaoh,PERSON
Pharaoh,PERSON
Joseph  I,PERSON
Joseph,PERSON
Pharaoh,PERSON
Pharaoh,PERSON
Pharaoh,PERSON
Joseph  In,PERSON
Joseph,PERSON
Pharaoh,PERSON
Pharaoh,PERSON
Pharaoh,PERSON
Pharaoh,PERSON
Pharaoh,PERSON
Pharaoh,PERSON
Pharaoh,PERSON
Pharaoh,PERSON
Pharaoh,PERSON
Pharaoh,PERSON
Pharaoh,PERSON
Pharaoh,PERSON
Joseph  Forasmuch,PERSON
Pharaoh,PERSON
Joseph  See,PERSON
Pharaoh,PERSON
Joseph,PERSON
Pharaoh,PERSON
Joseph  I,PERSON
Pharaoh,PERSON
Pharaoh,PERSON
Joseph,PERSON
Asenath,PERSON
Joseph,PERSON
Joseph,PERSON
Pharaoh,PERSON
Joseph,PERSON
Pharaoh,PERSON
Joseph,PERSON
Joseph,PERSON
Asenath,PERSON
Joseph,PERSON
Ephraim,PERSON
Joseph  ,PERSON
Pharaoh,PERSON
Pharaoh,PERSON
Joseph,PERSON
Joseph  ,PERSON
Joseph,PERSON
Jacob,PERSON
Jacob,PERSON
Joseph,PERSON
Benjamin  Joseph s,PERSON
Jacob,PERSON
Lest,PERSON
Joseph,PERSON
Joseph,PERSON
Joseph,PERSON
Joseph,PERSON
Joseph,PERSON
Nay,PERSON
Nay,PERSON
Joseph,PERSON
Pharaoh,PERSON
Pharaoh,PERSON
Joseph,PERSON
Reuben,PERSON
Joseph,PERSON
Simeon,PERSON
Joseph,PERSON
Jacob,PERSON
Jacob,PERSON
Joseph,PERSON
Simeon,PERSON
Benjamin,PERSON
Reuben spake,PERSON
us  Ye,PERSON
Judah,PERSON
Benjamin,PERSON
Benjamin  ,PERSON
Joseph,PERSON
Joseph,PERSON
Benjamin,PERSON
Joseph bade  ,PERSON
Joseph,PERSON
Joseph s  house,PERSON
Joseph,PERSON
Simeon,PERSON
Joseph,PERSON
Joseph,PERSON
Joseph,PERSON
Benjamin  ,PERSON
Joseph,PERSON
Joseph,PERSON
Joseph,PERSON
Benjamin,PERSON
Judah,PERSON
Joseph,PERSON
Joseph,PERSON
Judah,PERSON
Pharaoh,PERSON
us  Ye,PERSON
Joseph,PERSON
Joseph,PERSON
Pharaoh,PERSON
Joseph,PERSON
Joseph  ,PERSON
Joseph,PERSON
Joseph,PERSON
Pharaoh,PERSON
Joseph  God,PERSON
Benjamin,PERSON
Benjamin,PERSON
Pharaoh,PERSON
Joseph,PERSON
Pharaoh,PERSON
Pharaoh,PERSON
Joseph  Say,PERSON
Joseph,PERSON
Pharaoh,PERSON
Benjamin,PERSON
Jacob,PERSON
Joseph,PERSON
Jacob s,PERSON
Joseph,PERSON
Joseph,PERSON
Jacob,PERSON
Joseph,PERSON
Isaac,PERSON
Jacob  Jacob,PERSON
Joseph,PERSON
Jacob,PERSON
Jacob,PERSON
Pharaoh,PERSON
Jacob,PERSON
Reuben  Jacob s,PERSON
Reuben  Hanoch,PERSON
Carmi,PERSON
Simeon  Jemuel,PERSON
Jamin  ,PERSON
Jachin,PERSON
Zohar,PERSON
Shaul,PERSON
Canaanitish,PERSON
Judah,PERSON
Zarah,PERSON
Onan,PERSON
Tola,PERSON
Phuvah,PERSON
Zebulun  Sered,PERSON
Leah,PERSON
Jacob,PERSON
Gad  Ziphion,PERSON
Haggi  Shuni  ,PERSON
Asher,PERSON
Serah,PERSON
Zilpah,PERSON
Laban,PERSON
Leah,PERSON
Jacob  even,PERSON
Rachel Jacob s,PERSON
Joseph  ,PERSON
Joseph,PERSON
Ephraim,PERSON
Asenath,PERSON
Benjamin,PERSON
Gera,PERSON
Naaman,PERSON
Rosh  Muppim,PERSON
Rachel,PERSON
Jacob  all,PERSON
Dan  Hushim,PERSON
Naphtali,PERSON
Bilhah,PERSON
Laban,PERSON
Rachel,PERSON
Jacob,PERSON
Jacob,PERSON
Jacob s,PERSON
Joseph,PERSON
Jacob,PERSON
Judah,PERSON
Joseph  to,PERSON
Joseph,PERSON
Joseph  Now,PERSON
Joseph,PERSON
shew Pharaoh  ,PERSON
Pharaoh,PERSON
Joseph,PERSON
Pharaoh,PERSON
Pharaoh,PERSON
Pharaoh,PERSON
Pharaoh,PERSON
Pharaoh,PERSON
Pharaoh,PERSON
Joseph  saying,PERSON
Joseph,PERSON
Jacob,PERSON
Pharaoh,PERSON
Jacob blessed Pharaoh,PERSON
Pharaoh,PERSON
Jacob  How old,PERSON
Jacob  ,PERSON
Pharaoh,PERSON
Jacob,PERSON
Pharaoh,PERSON
Pharaoh,PERSON
Joseph,PERSON
Rameses,PERSON
Pharaoh,PERSON
Joseph,PERSON
Joseph,PERSON
Joseph,PERSON
Pharaoh,PERSON
Joseph  and,PERSON
Joseph,PERSON
Joseph  and,PERSON
Joseph,PERSON
Pharaoh,PERSON
Joseph,PERSON
Pharaoh,PERSON
Pharaoh,PERSON
Pharaoh,PERSON
Pharaoh,PERSON
Joseph,PERSON
Pharaoh  lo,PERSON
Pharaoh,PERSON
Pharaoh,PERSON
Joseph,PERSON
Pharaoh,PERSON
Pharaoh,PERSON
Jacob,PERSON
Jacob,PERSON
Joseph  ,PERSON
Joseph   Behold,PERSON
Ephraim,PERSON
Jacob  and,PERSON
Joseph,PERSON
Jacob,PERSON
Joseph  God,PERSON
Ephraim,PERSON
Reuben,PERSON
Simeon,PERSON
thou begettest,PERSON
Padan  Rachel,PERSON
Joseph s,PERSON
Joseph,PERSON
Joseph  I,PERSON
lo  God,PERSON
Joseph,PERSON
Joseph,PERSON
Ephraim,PERSON
Ephraim,PERSON
Joseph  and,PERSON
Abraham,PERSON
Isaac,PERSON
Angel,PERSON
Abraham,PERSON
Isaac,PERSON
Joseph,PERSON
Ephraim,PERSON
Ephraim,PERSON
Joseph,PERSON
Ephraim,PERSON
Ephraim,PERSON
Joseph  Behold,PERSON
Jacob,PERSON
Jacob,PERSON
Reuben  thou,PERSON
thou wentest,PERSON
Simeon,PERSON
Levi,PERSON
Jacob,PERSON
Issachar,PERSON
Dan,PERSON
Dan,PERSON
Gad,PERSON
Asher,PERSON
Naphtali,PERSON
Joseph,PERSON
Jacob,PERSON
Joseph,PERSON
Abraham,PERSON
Abraham,PERSON
Sarah,PERSON
Isaac,PERSON
Rebekah,PERSON
Leah,PERSON
Heth,PERSON
Jacob,PERSON
Joseph,PERSON
Joseph,PERSON
Joseph spake,PERSON
Pharaoh,PERSON
Pharaoh,PERSON
Lo  I,PERSON
Pharaoh,PERSON
Joseph,PERSON
Pharaoh,PERSON
Joseph  and,PERSON
Abraham,PERSON
Joseph,PERSON
Joseph,PERSON
Joseph,PERSON
Joseph  saying,PERSON
Joseph,PERSON
Joseph,PERSON
Joseph,PERSON
Joseph dwelt,PERSON
Joseph,PERSON
Joseph,PERSON
Ephraim,PERSON
Joseph,PERSON
Joseph,PERSON
Abraham  ,PERSON
Isaac  and,PERSON
Jacob,PERSON
Joseph,PERSON
Joseph,PERSON
Jacob,PERSON
Reuben  Simeon  Levi,PERSON
Issachar  Zebulun,PERSON
Dan  ,PERSON
Naphtali  Gad,PERSON
Jacob,PERSON
Joseph,PERSON
Joseph,PERSON
Joseph,PERSON
Pharaoh,PERSON
Puah  ,PERSON
Pharaoh,PERSON
Pharaoh,PERSON
Levi,PERSON
Levi,PERSON
Pharaoh,PERSON
Pharaoh,PERSON
Pharaoh,PERSON
Pharaoh,PERSON
Pharaoh,PERSON
Moses,PERSON
Moses,PERSON
us  intendest thou,PERSON
Moses,PERSON
Pharaoh,PERSON
slay Moses,PERSON
Moses,PERSON
Pharaoh,PERSON
Moses,PERSON
Reuel,PERSON
Moses,PERSON
Moses  Zipporah,PERSON
Gershom,PERSON
Abraham  ,PERSON
Isaac  and,PERSON
Jacob,PERSON
Moses,PERSON
Jethro,PERSON
bush,PERSON
bush,PERSON
bush,PERSON
Moses,PERSON
bush,PERSON
bush,PERSON
Moses  Moses,PERSON
Abraham,PERSON
Isaac,PERSON
Jacob  ,PERSON
Moses,PERSON
Pharaoh,PERSON
Moses,PERSON
God  Who,PERSON
Pharaoh,PERSON
Moses,PERSON
God  Behold,PERSON
Moses  I AM,PERSON
Moses,PERSON
Abraham,PERSON
Isaac,PERSON
Jacob  hath,PERSON
Abraham,PERSON
Isaac,PERSON
Jacob,PERSON
Moses,PERSON
Moses,PERSON
Moses  Put,PERSON
Abraham,PERSON
Isaac,PERSON
Moses,PERSON
Moses,PERSON
Aaron,PERSON
Levite,PERSON
Moses,PERSON
Jethro,PERSON
Moses,PERSON
Moses,PERSON
Moses,PERSON
Moses,PERSON
thou goest,PERSON
Pharaoh,PERSON
Pharaoh,PERSON
Zipporah,PERSON
Aaron  Go,PERSON
Moses,PERSON
Moses,PERSON
Aaron,PERSON
Moses,PERSON
Aaron,PERSON
Aaron,PERSON
Moses,PERSON
Moses,PERSON
Aaron,PERSON
Pharaoh,PERSON
Pharaoh,PERSON
Moses,PERSON
Aaron,PERSON
Pharaoh,PERSON
Pharaoh,PERSON
Pharaoh,PERSON
Pharaoh,PERSON
Pharaoh,PERSON
minish,PERSON
Moses,PERSON
Aaron,PERSON
Pharaoh,PERSON
Pharaoh,PERSON
Moses,PERSON
Pharaoh,PERSON
Moses,PERSON
Pharaoh,PERSON
Moses,PERSON
Abraham  unto,PERSON
Isaac  and,PERSON
Jacob  ,PERSON
JEHOVAH,PERSON
Abraham  ,PERSON
Isaac  and,PERSON
Jacob  ,PERSON
Moses,PERSON
Moses,PERSON
Moses,PERSON
Pharaoh,PERSON
Moses,PERSON
Pharaoh,PERSON
Moses,PERSON
Aaron,PERSON
Pharaoh,PERSON
Reuben  ,PERSON
Carmi,PERSON
Simeon  Jemuel,PERSON
Jamin  ,PERSON
Jachin,PERSON
Zohar,PERSON
Shaul,PERSON
Canaanitish,PERSON
Levi,PERSON
Gershon,PERSON
Levi,PERSON
Gershon,PERSON
Shimi  ,PERSON
Izhar,PERSON
Mushi,PERSON
Levi,PERSON
Aaron,PERSON
Moses,PERSON
Izhar,PERSON
Korah,PERSON
Mishael,PERSON
Elzaphan,PERSON
Aaron,PERSON
Nadab,PERSON
Abihu  Eleazar,PERSON
Abiasaph,PERSON
Eleazar Aaron s,PERSON
Phinehas,PERSON
Aaron,PERSON
Moses,PERSON
Pharaoh,PERSON
Moses,PERSON
Aaron,PERSON
Moses,PERSON
Moses,PERSON
Pharaoh,PERSON
Moses,PERSON
Pharaoh,PERSON
Moses,PERSON
Pharaoh,PERSON
Aaron,PERSON
Aaron,PERSON
Pharaoh,PERSON
Pharaoh,PERSON
Pharaoh,PERSON
Moses,PERSON
Aaron,PERSON
Moses,PERSON
Aaron,PERSON
Pharaoh,PERSON
Moses,PERSON
Aaron,PERSON
Pharaoh,PERSON
Shew,PERSON
Aaron  Take,PERSON
Pharaoh,PERSON
Moses,PERSON
Aaron,PERSON
Pharaoh,PERSON
Aaron,PERSON
Pharaoh,PERSON
Pharaoh,PERSON
Aaron,PERSON
Pharaoh,PERSON
Moses  Pharaoh,PERSON
Pharaoh,PERSON
Moses  Say,PERSON
Aaron  Take,PERSON
Moses,PERSON
Aaron,PERSON
Pharaoh,PERSON
Pharaoh,PERSON
Pharaoh,PERSON
Moses  Go,PERSON
Pharaoh,PERSON
Moses  Say,PERSON
Aaron  Stretch,PERSON
Aaron,PERSON
Pharaoh,PERSON
Moses,PERSON
Aaron,PERSON
Moses,PERSON
Pharaoh  Glory,PERSON
thou mayest,PERSON
Moses,PERSON
Aaron,PERSON
Pharaoh,PERSON
Moses,PERSON
Pharaoh,PERSON
Moses,PERSON
Pharaoh,PERSON
Moses  Say,PERSON
Aaron  Stretch,PERSON
Aaron,PERSON
Pharaoh,PERSON
Pharaoh,PERSON
Moses  Rise,PERSON
Pharaoh  lo,PERSON
Pharaoh,PERSON
Pharaoh,PERSON
Moses,PERSON
Aaron,PERSON
Moses,PERSON
God  lo,PERSON
Pharaoh,PERSON
Moses,PERSON
Pharaoh,PERSON
Pharaoh,PERSON
Moses,PERSON
Pharaoh,PERSON
Moses,PERSON
Pharaoh,PERSON
Pharaoh,PERSON
Moses  Go,PERSON
Pharaoh,PERSON
Pharaoh,PERSON
Pharaoh,PERSON
Moses,PERSON
Aaron  Take,PERSON
Moses,PERSON
Pharaoh,PERSON
blains,PERSON
Pharaoh,PERSON
Moses,PERSON
blains,PERSON
Moses,PERSON
Pharaoh,PERSON
Moses,PERSON
Moses  Rise,PERSON
Pharaoh,PERSON
thou mayest,PERSON
Pharaoh,PERSON
Moses  Stretch,PERSON
Moses,PERSON
Pharaoh,PERSON
Moses,PERSON
Aaron,PERSON
Moses,PERSON
thou mayest,PERSON
Moses,PERSON
Pharaoh,PERSON
Pharaoh,PERSON
Pharaoh,PERSON
Moses,PERSON
Moses  Go,PERSON
Pharaoh,PERSON
thou mayest,PERSON
Moses,PERSON
Aaron,PERSON
Pharaoh,PERSON
Pharaoh,PERSON
Pharaoh,PERSON
Moses,PERSON
Aaron,PERSON
Pharaoh,PERSON
And  Moses,PERSON
Pharaoh,PERSON
Moses  Stretch,PERSON
Moses,PERSON
Pharaoh,PERSON
Moses,PERSON
Aaron,PERSON
Pharaoh,PERSON
Pharaoh,PERSON
Moses  Stretch,PERSON
Moses,PERSON
Pharaoh,PERSON
Moses,PERSON
Moses,PERSON
Pharaoh,PERSON
Pharaoh,PERSON
thou,PERSON
Moses,PERSON
Moses,PERSON
Pharaoh,PERSON
Moses,PERSON
Pharaoh,PERSON
Moses,PERSON
Pharaoh,PERSON
Pharaoh,PERSON
Moses  Pharaoh,PERSON
Moses,PERSON
Aaron,PERSON
Pharaoh,PERSON
Pharaoh,PERSON
Moses,PERSON
Aaron,PERSON
Moses,PERSON
Moses,PERSON
Aaron,PERSON
Pharaoh,PERSON
Pharaoh,PERSON
Moses,PERSON
Aaron,PERSON
Moses,PERSON
Rameses,PERSON
Succoth,PERSON
Moses,PERSON
Aaron,PERSON
Moses,PERSON
Aaron,PERSON
Moses,PERSON
Moses,PERSON
Pharaoh,PERSON
Pharaoh,PERSON
Lest,PERSON
Moses,PERSON
Joseph,PERSON
Succoth  and,PERSON
Etham,PERSON
Moses,PERSON
Pihahiroth,PERSON
Pharaoh,PERSON
Pharaoh,PERSON
Pharaoh,PERSON
Pharaoh,PERSON
Pharaoh,PERSON
Pharaoh,PERSON
Pihahiroth,PERSON
Pharaoh,PERSON
Moses,PERSON
Moses,PERSON
Moses,PERSON
Pharaoh,PERSON
Pharaoh,PERSON
Moses,PERSON
Pharaoh,PERSON
Moses  Stretch,PERSON
Moses,PERSON
Pharaoh,PERSON
Moses,PERSON
Moses,PERSON
Pharaoh,PERSON
Pharaoh,PERSON
Miriam,PERSON
Aaron,PERSON
Miriam,PERSON
Moses,PERSON
Shur,PERSON
Marah,PERSON
Marah,PERSON
Marah,PERSON
Moses,PERSON
healeth thee     ,PERSON
Elim,PERSON
Moses,PERSON
Aaron,PERSON
Moses  ,PERSON
Moses,PERSON
Aaron,PERSON
Moses,PERSON
Moses,PERSON
Aaron  Say,PERSON
Aaron,PERSON
Moses,PERSON
Moses,PERSON
Moses,PERSON
Moses,PERSON
Moses,PERSON
Moses,PERSON
Moses,PERSON
Moses,PERSON
Moses  How,PERSON
Moses,PERSON
Moses,PERSON
Aaron  Take,PERSON
Moses,PERSON
Aaron,PERSON
Moses,PERSON
Moses,PERSON
Moses,PERSON
Moses,PERSON
Moses  Go,PERSON
thou smotest  ,PERSON
Moses,PERSON
Amalek,PERSON
Moses,PERSON
Joshua  Choose,PERSON
Amalek  to,PERSON
Joshua,PERSON
Moses,PERSON
Amalek,PERSON
Moses  Aaron,PERSON
Hur,PERSON
Moses,PERSON
Amalek,PERSON
Moses,PERSON
Aaron,PERSON
Hur,PERSON
Joshua,PERSON
Amalek,PERSON
Moses  Write,PERSON
Joshua,PERSON
Amalek,PERSON
Moses,PERSON
Amalek,PERSON
Moses,PERSON
Jethro  Moses,PERSON
Zipporah  Moses,PERSON
Gershom,PERSON
Eliezer  for,PERSON
Pharaoh,PERSON
Moses,PERSON
Moses,PERSON
Moses,PERSON
Moses,PERSON
Pharaoh,PERSON
Pharaoh,PERSON
Jethro  Moses,PERSON
Aaron,PERSON
Moses,PERSON
Moses,PERSON
Moses,PERSON
Moses,PERSON
Moses,PERSON
God  ,PERSON
Moses,PERSON
Moses,PERSON
Moses,PERSON
Moses,PERSON
Moses,PERSON
Moses,PERSON
Jacob,PERSON
Moses,PERSON
Moses,PERSON
Moses  Lo  I,PERSON
Moses,PERSON
Moses  Go,PERSON
Moses,PERSON
Moses,PERSON
Moses,PERSON
Moses,PERSON
Moses,PERSON
Moses  Go,PERSON
Moses,PERSON
Aaron,PERSON
Moses,PERSON
Moses,PERSON
Moses,PERSON
Moses,PERSON
Moses,PERSON
thou  shalt,PERSON
God  Thou,PERSON
Angel,PERSON
Moses,PERSON
Aaron,PERSON
Nadab,PERSON
Moses,PERSON
Moses,PERSON
Moses,PERSON
Moses,PERSON
Moses,PERSON
Moses,PERSON
Aaron  Nadab,PERSON
Moses,PERSON
thou mayest,PERSON
Moses,PERSON
Joshua  ,PERSON
Moses,PERSON
Tarry,PERSON
Aaron,PERSON
Hur,PERSON
Moses,PERSON
Moses,PERSON
Moses,PERSON
Moses,PERSON
Moses,PERSON
rams  skins,PERSON
snuffdishes,PERSON
rams  skins,PERSON
shittim,PERSON
Aaron,PERSON
Aaron,PERSON
Aaron  Nadab,PERSON
Abihu  Eleazar,PERSON
Aaron,PERSON
Aaron,PERSON
Aaron,PERSON
Aaron,PERSON
Aaron,PERSON
Aaron,PERSON
Thummim,PERSON
Aaron,PERSON
Aaron,PERSON
Aaron,PERSON
Aaron,PERSON
Aaron,PERSON
Aaron,PERSON
Aaron,PERSON
Aaron,PERSON
Aaron,PERSON
Aaron,PERSON
Aaron,PERSON
Aaron,PERSON
Aaron,PERSON
Aaron,PERSON
Aaron,PERSON
Aaron,PERSON
Aaron,PERSON
Aaron,PERSON
Aaron,PERSON
Aaron,PERSON
Aaron,PERSON
Aaron,PERSON
Aaron,PERSON
Aaron,PERSON
Aaron,PERSON
Aaron,PERSON
Aaron lighteth,PERSON
Aaron,PERSON
Moses,PERSON
thou  numberest,PERSON
Moses,PERSON
Aaron,PERSON
Moses,PERSON
Aaron,PERSON
Moses,PERSON
Moses,PERSON
Uri,PERSON
Hur,PERSON
Dan,PERSON
Aaron,PERSON
Moses,PERSON
thou,PERSON
Moses,PERSON
Moses,PERSON
Aaron,PERSON
Moses,PERSON
Aaron,PERSON
Aaron,PERSON
Aaron,PERSON
Aaron,PERSON
Moses  Go,PERSON
thou broughtest,PERSON
Moses,PERSON
Moses,PERSON
Abraham  Isaac,PERSON
thou  swarest,PERSON
Moses,PERSON
God  graven,PERSON
Joshua,PERSON
Moses,PERSON
Moses,PERSON
Moses,PERSON
Aaron,PERSON
Aaron,PERSON
Moses,PERSON
Moses,PERSON
Aaron,PERSON
Then  Moses,PERSON
Levi,PERSON
Levi,PERSON
Moses,PERSON
Moses,PERSON
Moses,PERSON
Moses,PERSON
Moses,PERSON
Angel,PERSON
Aaron,PERSON
Moses,PERSON
Abraham  to,PERSON
Isaac  and,PERSON
Jacob,PERSON
Moses  Say,PERSON
Moses,PERSON
Moses,PERSON
Moses,PERSON
Moses,PERSON
Moses,PERSON
Moses,PERSON
Joshua,PERSON
Nun,PERSON
Moses,PERSON
Moses,PERSON
Moses  Hew,PERSON
Moses,PERSON
Moses,PERSON
Lest thou,PERSON
thou  shalt,PERSON
God  Thou,PERSON
Moses,PERSON
Moses,PERSON
Moses,PERSON
Moses,PERSON
Aaron,PERSON
Moses,PERSON
Moses,PERSON
Aaron,PERSON
Moses,PERSON
Moses,PERSON
Moses,PERSON
Moses,PERSON
Moses,PERSON
Moses,PERSON
Moses,PERSON
Moses,PERSON
rams  skins,PERSON
Aaron,PERSON
Moses,PERSON
shittim,PERSON
Moses,PERSON
Moses,PERSON
Uri,PERSON
Hur,PERSON
Dan,PERSON
Moses,PERSON
Moses,PERSON
Moses,PERSON
Moses,PERSON
rams  skins,PERSON
snuffdishes,PERSON
shittim,PERSON
Moses,PERSON
Aaron,PERSON
Uri,PERSON
Hur,PERSON
Judah,PERSON
Moses,PERSON
Aholiab  son,PERSON
Dan,PERSON
Aaron,PERSON
Moses,PERSON
Moses,PERSON
Moses,PERSON
Moses,PERSON
Moses,PERSON
Aaron,PERSON
Moses,PERSON
Moses,PERSON
Moses,PERSON
Moses,PERSON
rams  skins,PERSON
Aaron,PERSON
Moses,PERSON
Moses,PERSON
Moses,PERSON
Moses,PERSON
Aaron,PERSON
Aaron,PERSON
Moses,PERSON
Moses,PERSON
Moses,PERSON
Moses,PERSON
Moses,PERSON
Moses,PERSON
Moses,PERSON
Moses,PERSON
Moses,PERSON
Aaron,PERSON
Moses,PERSON
Moses,PERSON
Moses,PERSON
